-0,755390736528776;1,07408158069298;-0,810630648566643;-1,70452712878416;0,246464020162445;-1,70634937984968;-0,285426138983187;-1,45048611520528;-0,110744574970642;0,224960760124088;-1,14721446766126;-1,82541013978145;-1,33419473529921;-1,81663287419886;1,17173954653206;0,912702173172315;-0,0647778594036679;1,51707072636179;0,749850943537378;0,368928794130667;0,738724230062871;-1,57867345406844;-0,634311638083377;-1,16972249571487;0,318802931359332;0,866105818585744;-1,24292637671324;1,5357806677297;-1,16732064934766;0,132027579706515;-0,467016747614629;-1,78028337995552;1,50741404284091;0,80349372840838;1,01795591971101;0,653964976392265;-0,022866822957268;-1,26650580881871;-0,213205055606119;0,673614684261789;1,13533097917233;-0,0728336169739559;1,56450215494598;1,17344003049099;-0,399035556741234;-0,184740401615521;0,191073799889751;0,0574468797060158;0,67811283710063;0,620243485534884;-0,463659344666827;-0,284532526227097;-1,10316685210855;0,506715414229485;0,22507290286678;-0,896634769078331;-0,106118878541961;-1,72960538715627;-0,402040833847215;0,637303864063359;0,921414888577573;-0,224047411282748;1,2222187838948;1,24285135337548;-1,22889669103536;-1,45771745002453;-1,67023992872247;-0,443165611517633;-1,08738763350368;-1,39258992190894;-0,942735116895207
-0,499008417382154;0,14953878196872;-2,75670124726991;0,743984342385404;-0,836997907970486;-0,314773277515417;0,574716621837635;0,562108965451661;-0,503442300459994;-0,728100830377039;0,457013668029554;-0,354382238891436;-0,428289573208303;-0,211079176490836;1,63235619848949;1,51239218378222;-1,05784975370348;-2,26332876186015;-0,612739490726128;0,35839880364747;1,78300627941097;0,64002733402856;0,787715215388367;0,526716181528941;0,11045340467126;0,755311050945579;-1,2779034634523;0,95885031842343;1,09322474843897;-0,239067445680203;-0,562766816929583;-1,00840429760545;1,66821287341786;1,08989357236258;-1,05415248796179;-1,71389685259753;-0,676599043979412;2,25814206472358;-0,955369663516174;-1,75963248372346;-1,66067611803356;-0,695750678758748;-1,3530552581405;1,32619492725096;-1,25329872116055;-0,329589482485476;-1,09057643960757;0,435752305734075;-1,11895349420603;0,868996314788;1,71440213962695;0,280026159544546;2,03022306315822;1,02216317185514;1,82571923680341;1,12349861285534;1,04552163076765;-0,532332296199267;0,633553079188836;1,17122023552741;-0,872322239043425;0,39966288467106;0,0822740786825929;2,43012553808326;-1,79306506241296;1,23567459370458;0,745511100518001;-2,18344535876598;-2,52162651024076;1,68128374702134;0,64842700434309
-0,747874152311407;0,328157474365534;-0,703995009091542;-1,32302102742432;-1,37025562972093;-0,277954340324637;-1,46162098280412;0,422304523815837;-1,80673290917862;-1,63134220909167;-0,698270224027253;-0,657301840147935;1,40690524208771;0,497474486404931;1,31787169571233;0,545224565758208;0,262365604133796;0,620685099890632;-0,64398799463398;-1,01152715005561;-1,83177020176804;-0,345542217149822;1,34997759032593;-2,02412576520544;-1,17207573819746;1,07143021294659;-0,12615641472402;-0,0837970453839059;1,33908453443546;0,170120907754565;-0,626012348818179;0,118204471559632;-0,524267356488328;0,904396581606223;-0,898755107611968;0,1906468529305;-0,928573217984827;0,747127834583596;0,0063144024355929;-1,58201639515763;0,41414084648808;-0,542026188606115;-0,85410462902175;-0,703403315757021;0,874900742944162;-0,575875239141105;0,103593804378223;-1,76909656144705;-1,45187228670059;0,372128355608303;-1,8187441121663;-0,874236341107091;0,711967381957566;0,195817730563156;0,00831400127748364;1,41327620160472;1,08581371093298;-1,13173632880295;1,72058653547834;-0,734553901361531;1,61305805898021;0,507784930729023;0,96713650043236;-0,0553247183395219;0,960325928419882;1,00188056722859;1,68249292692052;-1,28504352786064;-0,883990197612981;-1,23508140363151;-0,662161472389022
0,985525483627191;-1,66797843850196;-0,925350302410668;0,427227680809445;-0,0155293518489136;-1,32787080792317;-0,149636922365731;-0,610267273858364;1,09636037287192;-0,653379796529506;-0,228585779554571;-0,861616156138035;-0,233021482183196;0,154304681283772;-1,96705298149994;0,682791628902066;1,34179738278768;-0,877790801521365;0,364340006749899;0,250314192937044;-2,01040878341772;0,39239861385902;-1,23261283695762;-0,350097722723301;1,43693049049532;0,193813397159678;0,89424531807215;0,248713309253739;0,85879065239664;-0,903164077494164;-1,0415165431814;1,34543422373796;1,16502150659847;-0,770969621770028;-1,05293521923628;-1,24293885870381;-0,412202649404017;1,82558866278268;-1,51029699341603;1,32379241337638;-0,831275239338232;0,734719062895149;-0,969418313253774;-1,63408281268295;-0,29003846468985;-0,355883342192275;0,0190222859308865;1,40465882686607;0,972703932452925;-1,77369230953979;-1,22544652404234;-2,35351016282398;1,18541055816512;-0,127820090921149;-1,08625352125754;-1,66060503873789;1,25758487897169;-1,40055346861752;0,327715514261844;0,711203992038983;-0,449339642327041;1,45983647497797;-0,399638979972271;-0,745719090496659;1,1683400246609;-0,218820688644703;-0,659759692795183;-1,52678046484871;0,0444672162458603;0,80637138536696;-0,695070213156926
1,34882652105373;-1,22095238452546;0,502500617633122;0,716867562441565;-1,49479583147106;1,01320170587564;-1,57165791835819;-0,487757635774577;-0,513096924022716;-2,44072647209327;2,11559858186024;2,52515435459186;2,99953869216099;-1,2885062752592;-0,193325783933245;1,81248541759671;1,86855246234354;-1,03026501657835;1,47890228531099;-0,645449280974692;0,547093294027098;-0,254225239189062;-1,78793719788768;-0,898618070232136;-0,655542271621262;0,481649460289809;2,31440035103391;-0,566178279319306;1,73907333529274;-1,53679116111083;-0,399593697779846;-0,411043507517554;-1,71999847507455;1,89990595431967;-0,462544049201404;0,419615866630425;-1,93609706186395;2,21297433758179;-2,34802367922298;0,736909746251043;0,894172641417018;-1,01456318651186;-0,843387170016661;2,16561062664327;-0,226676460629395;-0,0596831619026375;-0,0229760439991214;-1,35972235485618;0,504849214389625;0,529057570492205;1,72367216638298;-2,73775554746588;-0,168959272876771;1,53881063529098;1,19973769990803;-0,255717441859232;-1,01355014159389;-0,516371232187304;-1,04357692989633;0,895361790003335;1,246326183184;-1,19292512020784;1,46776198998635;-0,119221533288763;0,428828938879855;-1,39947925528635;0,518898827397481;-1,50218564924403;1,33624385959871;0,438968875439197;1,16092672253677
0,77057766042176;0,562693492715212;0,270168406888713;1,38276999948166;-2,15428308942896;-0,809721796899709;-2,0683733873773;0,401750839132274;-2,31395879137454;0,5370603648344;0,618430586452084;0,880612910115297;0,374191189233433;-0,179590195407987;0,799631181052299;2,32600728256368;0,839819660577924;2,05987453070243;1,39205586707053;0,00311502553954444;2,20942426904374;0,160793747246335;-0,727998165883266;1,19077643079662;1,5648287289845;0,376036920752124;1,05477325488927;-0,0603313733189704;-1,50679112657194;-0,6006555070885;-0,271743208860072;0,676424446127937;-1,2153788562657;1,89579869022463;-1,78155789294667;-2,41504878561933;-1,84929517022666;1,80900326854974;-0,0793293892905626;0,899810575422371;2,11563391136353;-0,368643898501609;-0,37822893302693;1,82446159400734;-0,0349458025210949;-0,496866851874741;0,884216231015386;-0,591532502494522;-1,75106595256567;0,611248311607365;-0,106985456914684;-1,87209794681597;-1,18217873910491;1,4816457415585;1,91005966699823;-0,310191141562241;1,54022105425505;1,95333234382288;-1,85362788438316;1,14572711717161;1,00567602513973;-1,01767044199632;0,398864854075343;0,444318176521295;-0,474127369115434;-1,35058249370834;-0,363685244080189;0,823104875539966;-0,526005470106758;-0,254090153359026;1,31716184757279
0,503862113138243;-0,643838450150598;-1,21253344121018;0,944923570017695;-1,00420023554586;0,443138752780763;-0,332232549547519;-0,563774646130327;-1,45442554700983;-1,68225159680037;-0,939129821884699;-1,2035823536535;1,21464938624931;-0,378864478755486;-1,10337370611234;-0,769285440276553;-1,06333900809214;1,25375305883683;-1,49049655610463;-0,328575968098118;-0,111517150539826;1,04060820458;1,2052296828148;1,27020914325524;1,16283663858449;-1,69116873196532;-0,170867445947143;-0,560294200147937;-1,39921398205109;1,16209608661065;1,17372944197092;-1,21960880835285;0,472763139269113;0,0637772889837331;-0,629932483802798;0,895023775453314;1,01849964482009;1,30259272689583;0,220613830305817;-0,701296546773512;-1,05238695098911;-1,25128721800279;1,12227748583821;0,375556509759688;-0,890213192547054;1,42874124083027;0,189113603148044;-1,22412884455108;-0,757606071689072;1,32895961775227;-0,396311300953744;0,594605551496388;1,20191498984375;-1,51229626361924;-0,241386441136715;-1,63700327341288;0,0257261638218761;-0,829581298270239;-1,98737307244718;-0,887266977050171;-1,40284437474465;-1,63022170988009;-1,14850727660772;-0,69618823020076;-1,08356993818489;1,16642567041132;-0,832453733771186;-0,766909602248351;-1,81163581939936;-0,549537576736048;-0,252663076380853
-1,08037694601035;-1,04054990009804;1,23406708495724;-0,883717473482031;-0,583660300944684;1,60857070883118;-0,551725898338461;0,293113582273288;1,32940960680596;-0,232809174637101;-0,28888118569851;-1,26948459270752;-0,756511839704966;0,139478375802262;-1,38297572298694;-0,984685520202443;0,692558381846185;-1,23165653114536;-0,629517521261377;-0,589305007055199;0,424019588887463;1,8573269165562;-0,393168234046295;-0,844824542492237;-1,36929562896355;1,51457173543896;0,325605710134718;-0,380899814495139;-0,475884395222405;0,369370014288956;-1,1735931018133;-1,51779303580898;1,18788878323071;0,250296799809349;-1,32789233049235;0,0288028540791817;-1,18321288962768;1,1627302560947;-1,66765989615495;-1,47834856973872;-1,16762713751285;0,728978575674873;-1,06002501704366;1,15005484380677;0,791722987194821;1,64206077008114;-1,5480374632346;0,805681777559357;-1,27514239579409;0,938616543698699;0,837296979316595;-1,04901076508733;0,84380392224793;-1,06253164220124;1,08234419805244;-0,747324384324948;1,30665780196983;-0,12774929557177;-1,18533615592166;-0,227614966487631;-0,569562307300974;1,7807718799762;-0,988591207978181;-0,875558852855761;-0,77005886376807;-0,570457506514324;-0,307274021014412;1,04645210435493;-0,173737838405611;0,558218587262718;-1,34127047523791
1,06450337426393;-1,43809170214994;-1,95530450192572;-2,10970304498226;1,59265413279007;1,00809216025715;0,190513252681527;-0,248607304246647;-0,904028822417059;0,951182448489587;0,434269991696389;-1,62830493054758;-0,510306772916638;1,16889247730775;1,11388271138459;-1,06666055444299;-1,32751143168384;0,000480714149486639;0,113982343969802;0,662285880626908;1,31908820734621;0,0902908158416886;0,147167956372695;-0,412165118882651;-1,99530919797319;-1,40051125186885;0,600209366067314;0,408670575237011;0,244025189081781;-0,0711898752825327;-1,3448124183787;-1,22400321000445;0,48716343345929;0,359288068436117;0,486752642311878;-1,47699933395106;-0,391616633813753;-2,22590264822741;1,05750214747179;-0,839431170308776;-1,40832097745873;1,05621918956202;1,46940281019534;-0,467850242814413;-0,0146279362330425;0,54117128519188;-0,616032704119294;-1,52380234364556;-1,27400125159627;2,01102437289217;1,28488287574485;-2,04422800357228;0,184501955818852;0,160539996535528;-0,550978748682916;-0,818943487407238;-0,668759145312886;-0,723514113058803;1,69783776452504;-0,462858569740561;0,822141694649797;1,68074776417779;-1,61914920644179;1,10870387427359;0,336726941203051;-0,0515673258769865;0,0473754243812683;1,39146740894797;-1,38211426630359;0,751182291493766;1,1681182426645
-0,098955452022837;0,969381682324676;-0,367422260125042;-0,877682475363871;1,17903283721799;0,989676593343812;-1,46559259015565;-1,32329029396857;-0,217800379833309;1,18124396026607;0,427867672245294;-1,0173763210496;-0,891506511596713;0,775431356323305;-0,611128744970484;1,574163289764;0,302341593009;-0,715250757936645;0,126182459842461;0,60251089913171;1,55503285654161;-1,39633071521747;-0,284203846114019;-0,135597786782304;-0,454565780216245;0,327205387596565;-1,38007153099328;1,4878622184693;-1,60345613054709;-1,85909664049559;0,547093742498941;-1,19296252865483;-0,0802755003399887;-1,48516637775395;-1,13765142613706;-1,32268550334898;-1,66864197889978;0,342961895695401;0,00485069316156275;-0,538668330690783;-0,262897997996941;-0,807602090756285;-0,516837898094138;0,293663765468415;-0,568383549824979;0,879748659613668;1,8735012562615;-1,57628332495298;-0,833132215446121;0,155567017329309;-1,37223486813655;0,965166755283358;0,0157817501805445;-1,40812376081035;1,83030092202481;-0,312655226719609;-0,338509666643702;1,57425902773511;1,42398577211901;-0,957409515199982;0,670736071137549;-1,19327571208257;-1,64103371489837;-0,147377283321837;-1,20380066943181;-0,400930940019191;0,612305802586723;-1,11182632738141;-0,451966897152251;-1,67972891777605;1,25214989263052
1,75221241830484;0,66704396618014;-1,45834168869734;-1,8548413969345;1,25119728526969;1,5733746178563;3,50897914930574;-2,16164336916088;0,70332269081221;-0,573586138322689;-1,23205278141644;-0,75808949726969;-1,34976532805377;1,48550592716968;0,79919614715934;0,44601085345125;-0,0843234369279117;-1,40859317901488;1,75350841356769;1,34304323387099;-1,02788819788759;0,402009233764136;-0,968118110943411;0,252301053557986;-1,72172422689419;-1,69853338857001;0,421751544532518;-0,565823179523561;3,01544009823601;-0,889383794000089;2,00835419739533;0,293746927969415;-1,43477077084206;1,80056887970947;-0,442298321454771;-0,150763503405678;-1,83128201492049;1,35659790154299;0,102016840770971;0,821048566082961;0,849202640614756;0,112259742656999;-1,16883871935992;0,124445382483089;-0,281645607114526;0,448498096509858;-1,11249841977032;1,26834914144244;-0,0311522296700493;2,90078115709527;-0,729267067441418;-1,64435436191619;0,0652621979463534;-0,875221694319841;-0,00998642730980566;1,00943763310304;0,97426482862517;-0,627839697437416;-1,39510024475317;-1,10688557572595;1,93965885538411;1,07946222898563;-2,43534492660958;0,464299751891279;0,565379222409184;1,30043837167233;0,714616138315135;0,683529500967711;0,668496152485604;1,32387169614354;-1,60814209788711
0,045959107376537;0,378044829302799;-1,26701686535028;-0,787033351270551;-0,0624587118195286;-0,657245519308709;0,652469909835385;-0,861271737278889;0,222264854835918;0,426990914058954;-0,326947308237464;0,913554380243626;-2,13403818774423;0,973308800703182;0,446638569578984;-1,52205815360711;1,38556901155113;-1,19798462736186;1,04112404479448;0,367663114810915;-1,45987179859544;0,538855840329061;-1,54206898737812;1,09771686390432;1,16680173083587;-0,376224899536374;0,639879188398908;1,08363100639646;1,40666712254287;-1,51927428628723;0,845346261421188;0,910019303970454;0,0455297340649135;1,14046483400216;0,648419261342897;-0,435611268808535;-0,86733784161811;1,5371104838091;-1,59557898646056;-1,65699348630828;0,914938748029864;1,08500543344527;-0,223455567005271;0,273445118458358;-0,678144459127362;0,826507024179956;-1,26324069603439;1,12188670440864;-1,27376277842255;0,0120561339741722;0,303866937455339;0,259295755802153;1,41158265320238;-1,38689151354743;1,25004108118067;1,33287926394137;0,751829304580683;-0,887543192810585;-0,234582438298081;-1,97729941165039;0,0706188525284333;1,05934303327386;-0,655796938547171;0,131455405346333;-1,98614070807901;0,306435355791217;-1,00546132047119;-1,14258896918193;-1,52384345665281;-0,930156598345533;0,530371917576608
0,8721557265622;-2,0302902720784;0,539008397604217;1,1247081936552;-1,37872675574904;-1,61422545975104;-0,212804810090435;-0,344879819233154;-1,70705243648242;-1,02986011827531;-1,8449827038941;0,303988616227424;-0,302811441590232;-0,357990620232619;-1,98807674985702;0,5782534246071;-0,431692669217474;0,980101731106153;0,531129355784823;0,464823960898477;-1,77832819018621;-0,658103300193426;-2,24345266705323;-0,193577878882803;1,01762809288169;-0,461102758547515;1,06045713596885;0,0224974866293555;0,541337165204803;-0,486155635304156;1,12402118913944;0,240157009092512;0,838538640019022;0,758389338905239;0,214603052968377;-0,478376755994759;-1,25130287325621;-1,47622881889539;0,239284928627539;0,36059590679054;-1,68669063102428;0,333203158221315;-0,530056111605472;0,779131872107658;-0,643767820779662;-1,53298804052054;1,3066335643912;-2,00034807175646;1,33758222363568;0,818200763574086;0,459963395652659;-0,833495574659097;-0,843657026599945;-0,167413689438038;-0,105650060926426;-0,291255034561999;-2,02513709985067;-1,47945090744452;-1,79231158265141;0,116885184021401;-1,08422445300443;0,945318595591057;0,516776703117139;-0,443595747144379;-1,17151499798826;-0,695757597027162;0,995956001999847;0,385916792875617;0,852984469775485;-0,435932681566358;0,0790484971184775
-0,63599170127407;-1,48225338973637;-1,4820408609811;0,343174859099393;-0,390367342342263;1,87987474059293;-0,571843859411777;-1,44504427596743;0,990512918556605;0,304657687964193;1,47528788774424;0,43941361173687;1,37985759696661;1,41794354998215;0,376646390803093;-0,602097382899916;-0,787427639361072;-0,812886608011744;-1,24457772679508;0,150284892459387;-1,43453346592146;-1,60673982837235;-1,5803044569636;-0,354638034127725;-0,834389184113269;1,74958625803861;1,48138928131767;0,0110420374286078;-1,44781250410154;-0,900509136627347;-0,65010515902344;-0,765693796344422;-0,0153180632161426;-0,555078090344444;-0,457894254592322;-0,752502500200842;-0,720425815635239;1,70905245803584;-1,06638773205567;-0,00339236576881521;1,15268690164642;-1,57971343607464;-0,406889862114359;-1,17649225844915;-0,30851590514124;-0,549468837343971;1,401641430486;0,694444128204145;0,97926898812403;-1,19601733735001;0,646390749862846;-0,0119724480689198;0,554959669509924;1,70063818257772;0,160839427251851;-0,395176527955499;-1,41975274411181;0,644692364397017;-0,386640371862832;-0,484901826009424;-1,32276171098866;1,22095959020448;-1,60314358110372;0,185597127175593;-0,725808059078382;0,551264780713106;-1,25650374920842;0,474605786862723;0,0543552841250991;-0,851857913827561;-1,49827083241854
-1,13357998165099;1,12841080228831;0,305787286887155;0,56251502026477;1,13805990424285;0,283985985986567;1,24207174866404;-2,16417744832121;0,872881231083062;-1,77400871770122;-0,925080961955621;0,392299136526745;1,21210525045081;0,240039094791794;0,534716480974228;-0,068447627433355;-0,176871906474732;0,618243042259056;-1,8878031751139;-1,08358958415181;0,182604762397765;-0,149163795775145;0,939136933971943;-0,646974032532631;1,27212868310947;-1,94208082563915;0,866736170034051;0,795504113374461;0,576217853142248;-1,44771673671325;-1,10807896576164;-1,34789986250569;-0,31151003083346;-1,33959308115638;-1,03806837394457;-0,553185451043861;1,06585389901608;-1,08282831401485;-0,152672344537329;0,339540708694229;-1,5050415109646;-0,130293297573228;-0,174184110430777;-1,13047040896284;0,655638371850938;-1,46453130052708;-1,45749603567612;0,921195971976555;-0,0701115085635419;-1,55686516867771;0,25245045490701;0,538510812174945;-0,354054988428443;-1,78439746485477;-0,734301716422078;0,527250978666373;-1,42108053990104;-1,10151237282104;0,923737510966059;1,14586772351009;0,788548854356505;-1,44434846530721;-1,24661199606984;0,411650569936636;0,798685262977229;-1,60226934611466;-1,23719629194055;0,908875224347485;-0,678707684035406;-0,946290121910852;0,202078368857255
-0,913421725165098;-1,70519939495363;-0,140455997465532;-1,06963832525859;-2,10774856697168;-2,20294977458724;0,300708840017181;0,537915762316451;1,16099595846722;1,26810260888705;1,5604176590357;-1,88052886253662;0,8864228750331;0,148991340300996;-0,225141668503852;0,283458520017646;-0,146553416371678;0,741682529751558;0,520882449964598;-1,57903214865635;0,515657614688612;-1,15080767535701;0,327300427946697;1,50836595023073;1,57046543722211;-1,0944491698965;0,702245906296532;-0,0798072804689588;0,0934764948384384;0,824815399157606;-1,17606514210902;0,751539974641583;-1,12597708763092;0,0577199751790892;-0,751694798933666;-0,172771667891281;-1,90969211097592;1,73460243828281;-0,65764941415908;1,6478474351349;-0,168226903053115;-0,475713823436466;-1,35952811086775;-1,7717499906583;1,42943070728492;1,67553442997662;0,460037093198247;-1,47397341551304;-0,392337181307804;-0,151759684377696;0,997448097744911;-2,32917036818904;1,66792463492632;1,26188336165135;0,349565798418718;0,575120193756871;0,524937527952557;0,0143959110002074;-0,92100405958685;-0,0838744747350892;-0,928988535861964;-0,797081669416188;1,54244111826316;0,730582245786301;0,275487257812589;-0,416417730217257;-1,67837118094413;-0,322941262088567;0,202307976507433;1,08620739285959;0,111886452957426
0,0788781262497532;-0,775252819303122;0,67812493876905;1,01448854421754;-1,31461918472887;-0,719011089020128;0,209136564085961;-1,88256682206111;-1,86751538533227;1,22058272565906;0,428694803556649;1,23317913643987;-1,18123645216296;-1,4024107131182;-1,09847070927822;0,388906536039799;-0,741085147034136;0,629214764819697;-0,612823423081429;-1,88356750194846;0,280111088590295;0,180489191081234;0,582419232401314;-0,426752783458133;-1,16783927844797;0,226603646539189;-1,71449650348691;-0,191916029885056;-0,642445733559429;1,13417734579987;-0,802280166095718;1,19383185078935;0,44833665976876;1,29571268575895;-1,56759190305511;0,494200121778907;-1,56096902246239;-1,60216606634952;0,222893992800121;0,0271227332215564;-1,73798254425909;-0,620127658688732;-1,25945003087859;0,979152409089044;0,484261907728261;-0,377909287862534;0,852841590045004;0,974250954799185;-0,716388539093469;0,760173649372496;0,558290381517875;0,081584038628273;1,3105852945304;0,839715243337858;1,20644522350019;-1,66036883262915;0,352400992775323;-0,83458165645475;0,256698412465169;0,0328700901819115;-0,752552837954573;-1,85680352886153;0,291362630766942;-1,70889931449109;-0,134492307185967;0,844258979683527;-1,19991870861988;-0,79253462922251;-2,02163957364407;-0,161811771372057;0,206891199592962
-0,841914994845696;-1,78805692675755;0,801269602837825;-1,76585398259267;-1,44970930782582;-0,811407929390158;1,37422969282476;0,710822975706964;0,120253984052768;0,812779656937476;-0,875552727974929;-0,331588100822297;1,16130706566351;-1,68715018313461;0,60425128750943;0,401506608960861;2,05587715872369;1,78370515840282;-1,35549000706951;-0,938225514150764;0,318962744372452;0,244020154362229;-1,82093365283157;-0,903484663986456;1,87156675831941;0,879487009336122;-1,52120942996637;-1,93283717117239;0,954019376658987;-1,5216508279324;0,112771500447204;0,353956068826885;0,96058094686323;-0,463153327605933;-0,464988383168219;0,28212208626029;-1,95798787720639;0,232721272239785;-0,0690737077442197;0,0570658321007935;0,559724112056935;0,209337121435425;0,438086660272452;0,858031098541695;-2,01770849516539;1,84674473634387;-1,82749609874941;1,5628297257984;2,11020782398953;1,11353050473099;-1,25818553504122;-0,596453144593044;0,695049172529637;1,33797149405828;1,65043372721051;2,13464304673123;1,86056059872215;0,188698808218052;-1,92254023835583;0,50143259306028;-0,695272465675029;0,473562660036416;0,734873019689984;0,0092492839022171;-0,748363174446285;-0,389412411784316;-0,978981626632635;-1,03597538045355;-0,371882290773336;-0,706556515520103;0,714650600375744
-0,576204641585593;-0,0283436823712545;0,751288109144225;-1,09964226482228;-0,218834380308148;-1,48885710566538;-0,451389740495853;-0,393447551473091;-1,23746357325176;1,92581255140221;-1,65820342455849;-1,19191774452114;-1,68933597475476;1,84236339310398;-0,787535692577497;0,912246631988028;-1,31353040181354;0,51338690125493;-0,004849703508306;1,15296032025741;0,864557621960118;0,385048020584781;-2,09244713279505;0,017299258262595;1,43553916866937;1,26419684959988;-1,69822980939847;-1,32028141083349;0,509079954571793;-0,0706627300963539;1,26459404424462;-0,462520450977432;0,446724708794257;-1,5240765955696;0,885509525480563;-1,98629344268014;0,999875716346801;-1,77173062888069;-0,896755645733673;-1,58163176192405;1,12672642748803;-0,313327524307361;0,563805949325644;0,0597439896170819;2,38736427657541;-0,701887311444627;2,74610135644411;0,714551399689994;-0,777815031236491;0,348325773084106;-1,30357854546546;2,56580801104541;-2,38389409743737;0,502963889041987;-0,55549893352957;1,51773533110216;-0,61459342295771;2,33309270392906;0,0249984377386704;1,15635815713754;0,257998418064348;0,977301577194501;1,48053452960606;0,183636344625008;-2,34916323579871;-0,685916245384972;1,58205548480206;2,18256089319794;-1,81342864422759;-0,670479531137604;-0,91077067853305
-0,763198360719671;-1,18898239373949;-0,329214704763279;0,286304965974624;-0,0070169072142915;-0,099016766270244;0,145054939788989;-0,0329555383586238;-0,263388165304947;1,6736881343703;0,286137129886449;-1,90466348988533;0,780034840828159;-0,0828007736217926;1,00352659661667;-1,30578223336823;1,09757461261624;1,77939466531141;-1,11214263388998;2,24621658191973;1,10006556124283;0,269494079025957;0,308532860460329;-1,74383332293426;0,8473560065932;0,368942025487207;-1,27530457790271;-1,1688258909019;2,07925534444354;-0,118475286958994;2,28664341964812;0,229071970749566;-1,05815755765239;-0,316550844702022;0,034549476364488;0,526903337974319;1,13567659368123;0,5809388569139;-0,3626727344333;-0,531434969112216;0,964132640321754;0,126698680164875;0,155887822308184;0,221546408870461;0,0329489225073413;1,37909374077087;-1,10516278908067;-1,13383730237284;-0,0350823224506601;0,455986652924277;1,50066216833415;2,33538224607188;-0,758412564628722;-0,721776257271268;0,489106370838824;1,75298115107678;-0,816955104944459;-0,445812989696615;-1,82885906587096;1,89002970428879;0,564455988347088;0,593419812877144;0,409174649517657;-1,80540178017771;-3,06061662517762;-0,903763668641493;0,804618638404442;-0,787563622653104;-0,343091290110772;1,73417929497929;-0,574322943328328
-1,37980792198005;-1,0529568560632;0,409937718884013;-0,745169026926437;-0,470009067158767;1,38224918091026;-0,434337912269671;-0,10636784345245;1,23740461361219;-0,420011361429249;-0,242211924947258;-0,924522531994624;-1,49759230781127;0,283174890142052;1,74788097504836;1,93597044389243;-0,263079566419583;-1,35302247000121;-0,818187471322064;0,191916216874563;-0,166537119029446;1,43211601475449;2,07336100313376;-0,222813105501397;0,450523156291728;1,98412615413363;2,04645382742122;0,620840841502889;-0,438552162885893;-0,244647159148309;1,05204451168869;-0,760058160404998;-0,21144429663448;0,310290128898243;2,11777176423049;1,50280841051873;1,19188946266053;1,90071184477468;-0,446869306020466;2,13427276496836;1,72464948374674;0,608664057999252;-0,781524000471694;-0,0911013559209491;-1,88146450077857;1,36023443995785;-0,831757276493126;0,129090507422814;-1,4718431595017;-0,773235031578156;0,0322500026786039;-1,14882576867447;0,1789034440772;-0,278546856323251;0,725146797067866;-0,692555707599681;-0,64255490053856;-1,26829383106065;-0,281498770630533;-1,11369621462988;0,879155442293716;0,886018591732418;-1,23599951061892;0,239700427694095;1,09473871073484;1,41519244294923;0,621710910046744;0,0418523861268641;0,692655176620815;-0,886356660604754;1,60072362696744
-1,73324873990513;0,497135141909852;-1,42351073496956;0,459149317826225;0,993318718300569;-0,38367416039011;-0,051501189128558;-1,08141197754285;0,778035737056118;-0,377252544679392;-0,176888580556852;0,0289573862688516;-1,44477744715087;0,380651397993614;-0,0542062632788407;0,710085762112449;-0,899839470259119;0,147623566568134;0,00365987434695442;-0,274695155491014;0,5600793165576;-0,475242095543202;1,40192533390847;-1,52067186395385;-0,731215446935789;-0,14143176896848;0,395042543867098;0,28586210258913;-2,0305262449908;-0,992109434003858;0,826740145791325;0,539489344689751;0,466239073773185;-1,25321637235324;-0,856895828215659;-0,622193989277422;-0,761467794996365;0,0375076305160808;-2,03376210440657;0,763085316495566;0,590855204863676;0,907984826425435;0,226758710806294;0,636238286789758;-1,14844811773102;1,5093817927415;1,35697216647381;1,34196266578109;-1,4774633554683;-1,11707069062904;-1,17342622046129;-2,25293425015919;-1,761364925641;0,728843887697483;-1,37480454582126;0,409830957568714;1,16158415037641;1,32357371422788;-0,764112441201336;-0,981018973586443;0,888395789415516;1,19987872599129;-1,19377377546538;-0,135821282393054;0,522858691651246;0,80614777893543;0,991597550447296;-1,85492144487786;-1,08947242937589;-1,79611053979696;-0,770178518534065
0,344501649126699;-0,212615350721002;0,605495892861179;0,726791031056211;0,881281146078486;0,665764500976544;-1,33792863828228;1,21612488743211;-0,934162713291993;-0,137958544198026;0,559498781184206;-0,50889607718695;0,827086778336669;-1,62532379501495;0,601466895116591;-0,263409028632825;1,19141066538422;1,09570751624137;0,179459740626671;0,122842619117241;-0,249885949002518;-1,45425662332199;0,517042466700843;-2,06794488988014;0,659796762629196;-0,00868575596898336;-1,87961929646665;1,31166084357162;-0,54065094111422;-1,75982155196591;1,1691582205474;0,451069540544013;-1,53003687138179;1,26312041087276;-0,538219764749537;-0,677361689203116;-0,886531540744465;1,25255309178125;-0,725315185127584;1,04112827529379;0,508783133075581;1,07615209686363;-1,7933222526187;0,352185308581992;-1,65553504527511;-0,347135148157425;-0,460195776599326;-0,363014839987309;-1,86207921563998;-0,839588032901353;1,12776798278628;-1,84558356871331;0,118635748214609;-0,243014037150043;0,822985492141465;-0,0694728174071427;0,924286581153973;0,535500237753406;-1,57088687140135;-1,0696520583611;0,676361776451135;-1,36550192614255;-0,128377467686264;-1,23284780151553;0,16718324164525;-1,54550126985205;-0,749280089844758;1,22667397937887;0,0841681734227634;-0,750549225487298;-1,20956262597971
-1,71205269087179;-0,0154823475512716;0,619797921346186;1,04058038285806;-0,015084578052524;-1,19298519954369;-1,55480687736387;-1,69773425632906;-0,645259194944164;-1,01448517110164;0,208296134619542;1,40991859582452;-1,4970166466706;-0,856693161312768;1,08156290588173;-1,40245366850576;0,303056694174275;-1,23582197232326;1,42500987611058;0,08987541087133;0,15299457719265;1,18955065833463;-1,1083064136917;-1,10484583833558;0,0290923172960132;-0,338684332949385;1,02588153537221;-1,71632984133423;1,25948567416833;-1,48241138963898;0,166428483025762;1,35235305799431;0,298827392578594;-1,39407921818579;1,02385816530855;0,153837353330653;1,09495006006639;0,459016279833813;-0,634523130354859;-0,471986916364487;1,10518383433562;0,584637496423023;0,635539877697738;-1,56907672379496;-1,08635036172745;-0,899025724380151;-0,223701099173595;1,60990357183638;1,04662307302834;1,51409297608266;0,869993605462826;1,08807571792784;0,321884178468526;0,911033959041142;0,0389672443847566;-1,04415305107312;-0,617942303116201;0,142727232237194;-0,708041967565077;-1,32494676626158;-0,473569357301291;-1,71628252571854;-1,55746034624581;-0,964064717561096;0,244474564649134;0,290439956324164;-0,783785485134763;1,50791245585121;-0,55756931523268;-0,844964460843572;-0,940570331149953
1,3961175196912;0,874248920160049;0,697540710751143;0,397749894405654;0,811324807144839;-2,48784582463579;-1,60801896613171;1,72989101676177;-0,740639362837348;1,7846661926956;0,619194694879256;-1,39100847842628;1,82270474511406;-1,23435208605403;1,22501133643235;-0,937848671041763;0,784852462590281;0,452434686844087;0,000726656134690982;-1,46807622527138;0,0966368298837471;-1,37078402431602;-2,55921800056933;-1,38274857293629;1,23570554045116;0,0869424433948361;-0,435591999111291;0,0256526173617958;0,496356298920503;0,93508353891974;-0,336347682921818;0,327044558295782;0,382928559792227;0,961187252348095;0,83837351509451;-2,76693938092376;-1,18439002661447;-1,30734182196901;-0,573185685090816;-1,2566974377827;-1,47322574875067;-0,0752942717461016;-1,57790082428496;-0,783722986210188;0,06834999327939;0,734499757548275;-0,24852203416266;-1,8797731994945;0,952413756752054;-0,588717608047547;-0,126946730777496;0,0406953134997527;0,702407846969959;-1,61282384733177;1,66061078750109;0,0899129140695568;0,560521817432846;0,687269206186564;1,48777653554471;-0,685550823438968;0,528277600475873;0,557372034225584;-0,290083568911528;-1,0731713181954;-0,645317983983012;-0,227146167207038;0,555509376923404;-0,820551313314109;-0,663164683409199;0,864982311569537;-1,18529014194445
1,10736588647298;1,36047867426233;0,331787541122356;-1,68166551549569;0,974725420634743;-1,21892339186666;1,28131688929381;0,0606509330143854;-1,98714120686906;-0,0778781833148572;-0,227686643591366;-0,297639316604063;-1,03285405697821;0,536934927574855;-1,64069919675569;0,749746343463101;-0,461580292459722;1,55769536107318;-0,897106559137965;-0,387159585723684;0,37012489422433;-1,46507028125787;-0,540324092049161;-0,253288119759154;-0,408586011635106;-1,35900212673981;0,989336477240459;1,05622611181259;-1,39485911428973;-1,53707127847928;1,57064486978103;0,829863279279002;-0,974899376568467;-0,897364001478443;-0,444491526654709;-0,315099420656756;-1,35179977971052;-1,4714399578894;-1,81196158565209;-0,436327739901433;0,859359663361036;1,31220118804113;1,47865352033662;0,649059540014332;-1,29449805204302;-0,515691393042971;-0,946422789286418;0,153101561459715;-0,433050523695881;0,154398826098848;-0,724256732047505;-1,36193869423115;-1,87107347911379;-0,461389198071266;-0,0240028128114903;1,01450130575379;0,173598491896136;-1,48841157328863;0,641976213139875;0,675133564784124;-0,364184014179285;-1,68097740723739;-0,395371124467917;1,13741558669832;0,0206717726017464;0,680107849463116;-1,04457045724021;1,67336033240754;-0,993089628271178;0,27984257533949;0,481452648036343
-0,756704990509479;1,69549043794148;-0,0529813594307934;-0,598833523674437;0,0860998871465788;-1,256366812232;0,88216475349188;-0,661332007419698;-0,583595514097736;1,90274675121988;-1,54655679708821;-0,0963148279399118;0,0115000750371613;0,672275310269151;0,307766280460359;0,272524056606075;0,395712828951997;0,220432921998503;0,145146969274062;1,06884717271329;-1,28671247225478;-1,2866451762358;-1,64972264193983;-2,1284351324753;0,3297713836443;-1,19566760625579;-2,0682401959067;-0,763106991406232;1,08449539662458;-1,71684314939767;-1,4920877944505;-1,35537206571699;1,78862204907522;1,68173005129988;2,20480338122159;-0,950605420387324;-1,5423930734677;1,14414009065299;0,656246721649196;0,794039254200343;0,679295956842123;0,360287685107309;0,078295748607418;1,32564917741379;-1,65400913424981;0,755275891608707;-0,211742380763585;-2,10639095107482;0,627471874343946;2,05379733141159;-0,740202783535871;-0,73206332830492;1,39764049796633;-0,270788521652904;0,975940290558835;1,85315796345247;0,11727262336275;1,4085103958007;1,76341069398901;-1,39196582690538;-1,82790268987008;-0,607966314345832;0,600499208476182;1,85323474789937;0,746997256661398;2,00165984882752;0,246536878976488;-0,374547427486069;0,302492697583636;-0,17456228489109;0,105128528110933
-1,76908910888656;0,910689226211653;1,10481087857636;1,16653246683396;-0,665663147019073;0,85355403650627;0,375684145521605;0,55052775225056;-1,52729493027886;0,361379560065937;-1,47398023440968;-0,346283378955127;-0,415479682034171;0,79428994256334;-1,93950274996229;0,948302273460659;-1,26335463652435;-0,426755522443348;-1,32571272689348;0,245050206180433;-0,869311089000543;0,828826757719789;0,110665329777002;-0,144006156301131;-0,0436969857666536;0,736888181328838;0,627711175669854;-1,46222282988306;-0,206200601914583;1,46595479825639;-1,16514745197092;-1,15094990300936;-1,44151111802331;-0,0745654829559076;-0,980527748282337;-0,862306945024307;-0,0510949938446921;1,21268636736474;-1,27277166079733;-1,53665915629173;1,82637008473964;-2,23043883335578;0,94003427539667;0,145610391919713;-1,86095744410953;-1,16964003228006;-0,259352863624895;-0,931867066561374;0,583562844747138;-1,58696362282781;0,147586945274872;-1,13026901649064;0,860166526380745;1,5340499314109;-0,658157601287557;-0,652913128412502;-0,589726647579619;-0,181788153717038;-0,320984071827539;-0,16323168838475;-1,4195696915733;-0,19472786009749;-0,634052625781679;-1,57543176620675;-0,451171634894169;1,20658238727389;-1,11825560774169;-1,70806972713627;-0,294818333727984;0,257915590454869;-0,996351963247056
-0,803423952998335;-1,2287873940585;-1,65764691268934;0,263380425246087;-0,982233550624741;1,42808117050982;-1,33007649088627;-0,0905983351628003;-0,401248634637623;-1,0038413004718;0,0997396556109055;-0,359440979265475;-0,449369169495414;-0,204286767416441;1,35317559924298;-0,396179991058975;-0,955436497509455;-1,34578169100579;1,21671012072148;-1,53709015670551;-1,09750992849646;-0,681944468222464;0,379148557758698;-1,61308303764121;-0,0811193076705266;0,361117958837615;0,708731627073449;1,65513042856893;-1,35520171674034;0,918307224159236;0,0740482176051252;0,619921204201717;-1,76391694641973;1,19796086797875;-1,23736203811109;-1,61012325516334;0,64031551975426;-0,64040381299675;-1,56337933323053;-0,509698367869834;-1,13311666237401;1,09616432406391;-1,65271267223722;-0,548319811323191;0,0100605527996644;-1,31875854205663;-1,57495379555305;0,409672823350828;0,364369574830744;-0,261276791998246;-1,74861768686545;1,46319224865115;0,158463541648429;0,37179768179612;1,34880829491981;-1,43079063709899;0,00720874520055231;1,51336833449008;-1,35762221444837;0,254462603274288;-0,896754127480692;-1,44072336156451;-0,696164220786886;0,125768237205852;0,398844663457196;0,996695429157664;-0,409592899962681;0,0432811483365522;-0,811778542319971;1,03277842692552;0,879140341400846
0,631665400466233;1,10846863188219;-0,495046318434349;0,741042862001392;-1,05642898614507;-1,47712285856815;-0,959545353620108;-0,531172703159863;-0,850381257278774;0,0329566943801043;-1,80070804813711;-0,880586924319773;0,32433835624909;0,605801013252488;-0,339694547571237;-2,2779605652243;-0,723685906601044;1,28796855187952;-2,02603017897812;-0,474224812367066;0,239202219154838;-1,68761606400005;-0,815019469390497;-1,83268163692433;-2,12511605961123;-0,593020613670442;-0,71000542087782;0,182060601070345;0,0875461912890019;0,0597237404481963;-0,693266264796869;-1,0837847845558;0,46558946645321;0,430804084056454;-1,81867338103073;1,08250188577467;-1,96144826507533;0,242896842057805;-0,497954471273256;0,725937200287026;-1,66857690588502;-0,871682294744272;0,589683485730564;1,47293244601139;-1,95739118685279;0,427510845783133;0,0772492327102438;0,304506027380776;-1,85944325682261;0,480178147106687;1,09966095286891;-0,281483350532174;-1,66286748627117;-1,1323085411284;1,1108464278267;0,502071081396935;-0,571553997108513;-1,08500144833056;0,587059573706367;0,638605510522915;0,497228755443576;0,0174476449614499;0,479551394927272;-0,10494012793806;-1,78487531469749;0,322441447959228;0,0176973918352557;1,04345778826821;0,246036864655275;-0,283740850756772;1,40090376226367
1,00157160782034;0,265092319514124;-0,562335585319505;-0,29782501514936;-0,208785061536453;-0,496550656143143;0,196261000808895;-1,04277079448264;0,390440127826509;2,0855576689696;0,393002327313614;-0,670500382760019;0,890366883920618;1,0934337918857;1,05968316781307;-1,18102751832915;-0,723300624003689;0,756563774445253;-0,274274203585957;-0,220811227367119;0,556520037499992;1,16630851122283;1,24235563795816;-1,23898888519914;-0,205674850377439;0,149306520296314;-1,18704296305464;1,70781349799331;-0,286104911864646;-0,824448601621076;0,19323239645338;-1,51064151175311;0,285420087584783;0,721735065612122;-0,504637103934958;-0,673108580788252;2,28055592765805;1,7188793764847;1,57945257957179;0,08158554448662;-2,0646625273661;-0,0993850903248308;0,453404261643215;-2,19966923327717;-1,06935996194335;-1,62078303646497;1,5330427926961;0,992111973591685;-1,23618265640457;0,327897176310983;-1,45373053785417;-0,876402637802043;0,276174066283462;-2,29492317928186;-1,54374501394168;1,2525692773649;0,182421062528646;-1,28044980794509;1,78237147148955;0,321638052073308;-1,70202296110124;0,491906359640329;0,489370466190349;-0,800536188746092;-0,204945301260056;0,970045079249828;-1,10271866027217;-0,931169677491834;1,00717583736342;0,890560434240011;-0,782517228616406
-0,681230083899768;-1,85592674963256;-2,02216245236381;-0,938554342328747;-0,674091547599296;-1,09456526106046;0,403920364938294;1,09173216016338;-0,629096183916668;0,269142003870714;-0,948497640823879;-0,196693085783252;0,471941451612985;1,42923477609457;-0,0701098400694575;0,516856121230177;-0,809906260754586;0,109413247326378;-1,18111737584508;-0,517920765402451;0,07531941939484;-1,6362720929186;1,26462631178332;-1,86249652477783;-0,376996575331934;0,643168415108454;-1,3622145778868;0,639433165812006;-0,728456814801554;-2,05066047101278;1,19531434174279;-0,791913168673464;-0,397343496463301;-0,788083948315817;-0,059005506037525;1,19971270331547;-1,00407892638484;0,769402956186862;0,704631095493004;-0,450049747583284;-1,5416840505509;-1,13749785203056;-1,07870870326579;1,55950063257162;1,33022592035961;-1,9916859627088;1,17528495299155;-0,893822769404587;0,213231335583205;1,14888845905887;0,363493199042278;-0,347458626880848;-1,29129033465884;-1,10950476003819;-0,220159286328117;-0,850380426100376;-1,34289072840007;0,974408875415385;1,0694560516568;0,125839412265354;-1,42244454939467;0,76832618838869;-0,303220376186662;-1,05368715330461;0,467882942212864;1,47954187646301;-1,87190077889209;-0,459737384122603;-1,16762712201871;-0,342420249845592;-0,439670963684352
-0,413410203482924;0,195080910633854;0,42178840656748;-0,997127216093614;-1,23219046462306;0,565860562879181;1,2102291271516;-1,55897062237344;-0,848228918010389;0,617939475614061;1,05582098697169;-1,83391447657029;-0,536134221461531;-0,850693678001591;-0,90432756652367;1,17654702297902;-1,34034389732813;0,440681952366849;-1,31227387400486;0,578381004486172;-0,590210150421478;0,815281517649488;-1,25867909216777;-0,865207073630221;-1,37136205500215;0,611572181979351;1,07907345313238;-1,55993219130621;0,897905479363071;1,07112831044125;-0,530874779041023;-2,10119334204744;-1,6499508301941;-0,28323799395549;-1,95807738225255;0,267522443303943;-0,404931150664519;0,944253079260805;-1,07344979428426;-0,314768407106611;-1,27917975186289;-0,171858060865784;-0,259606689471799;0,344643510354072;-1,5050745857092;0,258528845105933;1,33270523733145;1,10781669519966;-0,560225660441934;-2,13295438457316;0,581382794095338;-0,226919529002442;1,10638089745657;0,36438854960332;0,907492582814755;0,493941964396292;-0,569533504842476;-1,37796158237194;-1,69092034727222;-0,717949525101094;0,55027470502819;0,532885873594603;-1,33508156301581;-0,6172746089176;-0,856371951607457;0,859291288118456;1,20133077323673;1,20414866485765;-0,999500245302987;0,0755763806369766;-0,462892059809591
